{
  "urls": [
    "ch0.ogg",
    "ch0.m4a"
  ],
  "sprite": {
    "silence": [
      0,
      1000,
      true
    ],
    "MusicLoop": [
      1050,
      14769.22902494331
    ],
    "MusicLoopTermLose": [
      16100.000000000002,
      1288.2766439909296
    ],
    "MusicLoopTermWin": [
      18150.000000000004,
      3962.108843537415
    ]
  }
}