{
  "urls": [
    "ch1.m4a",
    "ch1.ogg"
  ],
  "sprite": {
    "silence": [
      0,
      1000,
      true
    ],
    "Bonus1Reveal": [
      1050,
      894.7619047619047
    ],
    "Bonus1Shuffle": [
      2100,
      5062.539682539683
    ],
    "Bonus2Shuffle": [
      8150,
      4468.707482993198
    ],
    "SymbolBonus": [
      13200.000000000002,
      1310.272108843538
    ],
    "SymbolsDrop": [
      15250.000000000002,
      1000.9070294784568
    ],
    "SymbolsDropInitial": [
      17300,
      1936.5986394557808
    ]
  }
}