{
  "urls": [
    "ch2.ogg",
    "ch2.m4a"
  ],
  "sprite": {
    "silence": [
      0,
      1000,
      true
    ],
    "Bonus1Reveal": [
      1050,
      894.7619047619047
    ],
    "Bonus1toBaseTransition": [
      2100,
      2781.7006802721094
    ],
    "ButtonBuy": [
      5150,
      1646.7573696145123
    ],
    "SymbolBonus": [
      7200,
      1310.2721088435371
    ]
  }
}