{
  "urls": [
    "ch3.ogg",
    "ch3.m4a"
  ],
  "sprite": {
    "silence": [
      0,
      1000,
      true
    ],
    "BetDown": [
      1050,
      204.67120181405883
    ],
    "BetUp": [
      2100,
      183.5374149659863
    ],
    "Bonus1MusicLoop": [
      3150,
      14769.229024943308
    ],
    "SymbolBonusIncrease1": [
      18200,
      1187.573696145126
    ]
  }
}