{
  "urls": [
    "ch4.ogg",
    "ch4.m4a"
  ],
  "sprite": {
    "silence": [
      0,
      1000,
      true
    ],
    "BetDown": [
      1050,
      204.67120181405883
    ],
    "BetUp": [
      2100,
      183.5374149659863
    ],
    "SymbolBonusIncrease1": [
      3150,
      1187.5736961451246
    ]
  }
}