{
  "urls": [
    "ch5.ogg",
    "ch5.m4a"
  ],
  "sprite": {
    "silence": [
      0,
      1000,
      true
    ],
    "BetMax": [
      1050,
      792.2448979591836
    ],
    "Bonus1WinInstant": [
      2100,
      2376.7573696145123
    ],
    "ButtonClick": [
      5150,
      105.62358276644002
    ],
    "SymbolBonusIncrease2": [
      6200,
      1232.4036281179137
    ]
  }
}