{
  "urls": [
    "ch7.ogg",
    "ch7.m4a"
  ],
  "sprite": {
    "silence": [
      0,
      1000,
      true
    ],
    "SymbolCombine": [
      1050,
      1640.6122448979595
    ],
    "SymbolWinPrize": [
      3100,
      2112.6757369614506
    ],
    "TransitionMessage": [
      6149.999999999999,
      3142.1541950113374
    ]
  }
}