{
  "urls": [
    "ch8.ogg",
    "ch8.m4a"
  ],
  "sprite": {
    "silence": [
      0,
      1000,
      true
    ],
    "Bonus1Triggered": [
      1050,
      2242.766439909297
    ],
    "Bonus2Triggered": [
      4100,
      2229.4784580498863
    ],
    "SymbolCombine": [
      7149.999999999999,
      1640.6122448979597
    ],
    "SymbolWinPrize": [
      9200,
      2112.675736961451
    ],
    "TransitionBonus1": [
      12250,
      3908.4807256235836
    ]
  }
}