{
  "urls": [
    "ch9.ogg",
    "ch9.m4a"
  ],
  "sprite": {
    "silence": [
      0,
      1000,
      true
    ],
    "Bonus1MusicLoop": [
      1050,
      14769.22902494331
    ],
    "SymbolPrizeIncrease": [
      16100.000000000002,
      430.49886621315284
    ],
    "SymbolsDrop": [
      17150.000000000004,
      1000.9070294784585
    ],
    "SymbolShuffle": [
      19200.000000000004,
      343.129251700681
    ]
  }
}